{
    "cf_min": 0.0105783866057838,
    "cf_max": 0.4491107906753183,
    "low_threshold": 0.16708700705687,
    "high_threshold": 0.20819425962165683
}